{
  "asofdate": "2021-12-31",
  "portfolios": {
    "103": {
      "ticker": "DODBX",
      "cusip": 256201104,
      "isin": null,
      "equityIssuerTopHoldings": [
        {
          "name": "Wells Fargo & Co.",
          "allocation": "3.1%",
          "displayOrder": 1
        },
        {
          "name": "Charles Schwab Corp.",
          "allocation": "2.6%",
          "displayOrder": 2
        },
        {
          "name": "Alphabet, Inc.",
          "allocation": "2.5%",
          "displayOrder": 3
        },
        {
          "name": "Sanofi (France)",
          "allocation": "2.5%",
          "displayOrder": 4
        },
        {
          "name": "GlaxoSmithKline PLC (United Kingdom)",
          "allocation": "2.4%",
          "displayOrder": 5
        },
        {
          "name": "Comcast Corp.",
          "allocation": "2.0%",
          "displayOrder": 6
        },
        {
          "name": "HP, Inc.",
          "allocation": "2.0%",
          "displayOrder": 7
        },
        {
          "name": "Fiserv, Inc.",
          "allocation": "1.9%",
          "displayOrder": 8
        },
        {
          "name": "Cigna Corp.",
          "allocation": "1.9%",
          "displayOrder": 9
        },
        {
          "name": "Capital One Financial Corp.",
          "allocation": "1.8%",
          "displayOrder": 10
        }
      ],
      "creditIssuerTopHoldings": [
        {
          "name": "Charter Communications, Inc.",
          "allocation": "0.5%",
          "displayOrder": 1
        },
        {
          "name": "Petroleos Mexicanos",
          "allocation": "0.5%",
          "displayOrder": 2
        },
        {
          "name": "JPMorgan Chase & Co.",
          "allocation": "0.4%",
          "displayOrder": 3
        },
        {
          "name": "Ford Motor Credit Co. LLC",
          "allocation": "0.4%",
          "displayOrder": 4
        },
        {
          "name": "TC Energy Corp.",
          "allocation": "0.4%",
          "displayOrder": 5
        }
      ]
    }
  }
}
